"0","ggplot("
"0","  snore,"
"0","  aes(x = snore, y = weight, fill = snore)"
"0",") +"
"0","  geom_boxplot(alpha = 0.7, outlier.shape = NA) +"
"0","  geom_jitter("
"0","    width = 0.15,"
"0","    size = 2,"
"0","    alpha = 0.7,"
"0","    color = ""black"""
"0","  ) +"
"0","  scale_fill_manual("
"0","    values = c("
"0","      ""No"" = ""steelblue"","
"0","      ""Yes"" = ""tomato"""
"0","    )"
"0","  ) +"
"0","  labs("
"0","    title = ""Body weight of snorers and non-snorers"","
"0","    x = ""Snoring status"","
"0","    y = ""Weight (kg)"""
"0","  ) +"
"0","  theme_minimal() +"
"0","  theme("
"0","    legend.position = ""none"""
"0","  )"
"2","Erreur dans ggplot(snore, aes(x = snore, y = weight, fill = snore)) : 
  impossible de trouver la fonction ""ggplot""
"
