"0","summary(PrePost)"
"1",""
"1","      perf      "
"1","        time   "
"1","
"
"1"," Min.   :125.0  "
"1"," Length   :16  "
"1","
"
"1"," 1st Qu.:132.0  "
"1"," N.unique : 2  "
"1","
"
"1"," Median :136.0  "
"1"," N.blank  : 0  "
"1","
"
"1"," Mean   :136.4  "
"1"," Min.nchar: 5  "
"1","
"
"1"," 3rd Qu.:140.2  "
"1"," Max.nchar: 6  "
"1","
"
"1"," Max.   :148.0  "
"1","               "
"1","
"
"0","glimpse(PrePost)"
"1","Rows: 16"
"1",""
"1","
"
"1","Columns: 2"
"1",""
"1","
"
"1","$ perf [3m[38;5;246m<int>[39m[23m 125[38;5;246m, [39m130[38;5;246m, [39m132[38;5;246m, [39m135[38;5;246m, [39m136[38;5;246m, [39m138[38;5;246m, [39m140[38;5;246m, [39m145[38;5;246m, [39m127[38;5;246m, [39m132[38;5;246m, [39m133[38;5;246m, [39m136[38;5;246m, [39m139[38;5;246m, [39m141[38;5;246m, [39m145[38;5;246m, [39m148
$ time [3m[38;5;246m<chr>[39m[23m ""Before""[38;5;246m, [39m""Before""[38;5;246m, [39m""Before""[38;5;246m, [39m""Before""[38;5;246m, [39m""Before""[38;5;246m, [39m""Before""[38;5;246m, [39m""Before""[38;5;246m, [39m""Before""[38;5;246m, [39m""After""[38;5;246m, [39m""After""[38;5;246m, [39m""After""[38;5;246m, [39m""After""[38;5;246m, [39m""After""[38;5;246m, [39m""After""[38;5;246m, [39m""After""[38;5;246m, [39m""After"""
"1",""
"1","
"
"0","  "
